date,sector,sector_rank,sector_avg_momentum,code,name,signal_price,momentum,is_uptrend,ma20,ma60,volume_ratio,foreign_5d_net_buy_mil,passed_all_filters,selected,bb_pct,atr,avg_tr_pbmn_mil
2026-05-12,마이크로 LED,1,58.14,038060,루멘스,101.73,True,,False,False,,,,,,,
2026-05-12,마이크로 LED,1,58.14,046890,서울반도체,57.17,True,0,True,True,,,,,,,
2026-05-12,마이크로 LED,1,58.14,066570,LG전자,52.28,True,0,True,True,,,,,,,
2026-05-12,마이크로 LED,1,58.14,017900,광전자,21.37,True,0,True,False,,,,,,,
2026-05-12,로봇(산업용/협동로봇 등),2,48.83,319400,현대무벡스,57.69,True,0,True,True,,,,,,,
2026-05-12,로봇(산업용/협동로봇 등),2,48.83,012200,계양전기,57.44,False,,False,False,,,,,,,
2026-05-12,로봇(산업용/협동로봇 등),2,48.83,264850,이랜시스,52.54,False,,False,False,,,,,,,
2026-05-12,로봇(산업용/협동로봇 등),2,48.83,090710,휴림로봇,27.64,False,,False,False,,,,,,,
2026-05-12,지능형로봇/인공지능(AI),3,47.1,078890,가온그룹,72.41,True,0,True,True,,,,,,,
2026-05-12,지능형로봇/인공지능(AI),3,47.1,098460,고영,58.14,True,,False,False,,,,,,,
2026-05-12,지능형로봇/인공지능(AI),3,47.1,125490,한라캐스트,41.87,True,0,True,False,,,,,,,
2026-05-12,지능형로봇/인공지능(AI),3,47.1,010820,퍼스텍,15.98,False,,False,False,,,,,,,
2026-05-13,로봇(산업용/협동로봇 등),1,88.76,048770,TPC로보틱스,6990,129.18,True,3998.0,3469.0,8.39,0,True,True,,,
2026-05-13,로봇(산업용/협동로봇 등),1,88.76,012200,계양전기,13050,113.93,True,7480.0,7178.0,5.27,0,True,True,,,
2026-05-13,로봇(산업용/협동로봇 등),1,88.76,090710,휴림로봇,13240,23.16,False,12191.0,12621.0,3.59,,False,False,,,
2026-05-13,스마트카(SMART CAR),2,34.06,000990,DB하이텍,173000,79.27,True,143565.0,106815.0,1.5,0,True,True,,,
2026-05-13,스마트카(SMART CAR),2,34.06,012330,현대모비스,573000,46.36,True,454750.0,432000.0,2.92,0,True,False,,,
2026-05-13,스마트카(SMART CAR),2,34.06,204320,HL만도,59600,19.92,True,56080.0,54549.0,2.45,0,True,False,,,
2026-05-13,스마트카(SMART CAR),2,34.06,087260,모바일어플라이언스,2335,15.88,True,2232.0,2083.0,0.97,,False,False,,,
2026-05-13,스마트카(SMART CAR),2,34.06,086960,MDS테크,3037,8.85,False,2840.0,2975.0,3.76,,False,False,,,
2026-05-13,3D 프린터,3,31.64,048770,TPC로보틱스,6870,125.25,True,3992.0,3467.0,8.39,0,True,True,,,
2026-05-13,3D 프린터,3,31.64,090360,로보스타,78500,35.34,True,68140.0,67128.0,4.43,0,True,False,,,
2026-05-13,3D 프린터,3,31.64,090710,휴림로봇,13360,24.28,False,12197.0,12623.0,3.59,,False,False,,,
2026-05-13,3D 프린터,3,31.64,099440,스맥,4175,-7.22,False,4345.0,5043.0,0.88,,False,False,,,
2026-05-13,3D 프린터,3,31.64,246710,티앤알바이오팹,2650,-19.45,False,3020.0,3057.0,2.3,,False,False,,,
2026-05-14,전선,1,147.47,024840,KBI메탈,8410,236.4,True,5296.0,3236.0,0.95,,False,False,,,
2026-05-14,전선,1,147.47,006340,대원전선,16130,192.74,True,11949.0,7631.0,0.21,,False,False,,,
2026-05-14,전선,1,147.47,229640,LS에코에너지,101600,128.31,True,75755.0,54528.0,0.75,,False,False,,,
2026-05-14,전선,1,147.47,001440,대한전선,69200,115.24,True,53245.0,38101.0,0.39,,False,False,,,
2026-05-14,전선,1,147.47,103590,일진전기,138800,64.65,True,115210.0,90588.0,0.66,,False,False,,,
2026-05-14,스페이스X(SpaceX),2,48.66,209640,와이제이링크,8810,99.1,True,7643.0,5449.0,0.12,,False,False,,,
2026-05-14,스페이스X(SpaceX),2,48.66,100790,미래에셋벤처투자,69100,77.63,True,54725.0,34721.0,0.28,,False,False,,,
2026-05-14,스페이스X(SpaceX),2,48.66,027360,아주IB투자,17800,57.11,True,15244.0,9697.0,0.26,,False,False,,,
2026-05-14,스페이스X(SpaceX),2,48.66,321370,센서뷰,3270,7.96,False,3158.0,3161.0,1.01,,False,False,,,
2026-05-14,스페이스X(SpaceX),2,48.66,006800,미래에셋증권,73500,1.52,True,71770.0,68048.0,0.61,,False,False,,,
2026-05-14,엔젤산업,3,27.37,039830,오로라,17550,76.92,True,14667.0,12512.0,0.31,,False,False,,,
2026-05-14,엔젤산업,3,27.37,013990,아가방컴퍼니,5300,7.51,True,5112.0,4913.0,0.91,,False,False,,,
2026-05-14,엔젤산업,3,27.37,900300,오가닉티코스메틱,126,-2.33,False,168.0,136.0,1.08,,False,False,,,
2026-05-15,3D 프린터,1,57.12,048770,TPC로보틱스,9760,193.98,True,4638.0,3659.0,1.07,0,True,True,,,
2026-05-15,3D 프린터,1,57.12,090360,로보스타,88700,39.91,True,70190.0,67155.0,4.45,0,True,False,,,
2026-05-15,3D 프린터,1,57.12,090710,휴림로봇,13540,17.33,False,12340.0,12576.0,0.63,,False,False,,,
2026-05-15,3D 프린터,1,57.12,246710,티앤알바이오팹,2635,-22.73,False,2951.0,3034.0,1.09,,False,False,,,
2026-05-15,IT 대표주,2,55.16,066570,LG전자,245500,100.9,True,151730.0,129162.0,1.83,0,True,True,,,
2026-05-15,IT 대표주,2,55.16,000660,SK하이닉스,1981000,74.38,True,1477200.0,1130500.0,1.27,0,True,True,,,
2026-05-15,IT 대표주,2,55.16,006400,삼성SDI,661000,40.34,True,642275.0,493150.0,0.72,,False,False,,,
2026-05-15,IT 대표주,2,55.16,005930,삼성전자,294500,39.57,True,244950.0,210055.0,1.41,0,True,False,,,
2026-05-15,IT 대표주,2,55.16,034220,LG디스플레이,16400,20.59,True,13510.0,12598.0,3.07,0,True,False,,,
2026-05-15,제습기,3,34.41,066570,LG전자,246000,101.31,True,151755.0,129170.0,1.83,0,True,True,,,
2026-05-15,제습기,3,34.41,005930,삼성전자,295000,39.81,True,244975.0,210063.0,1.41,0,True,False,,,
2026-05-15,제습기,3,34.41,058610,에스피지,133700,17.8,True,126350.0,122960.0,0.69,,False,False,,,
2026-05-15,제습기,3,34.41,021240,코웨이,95400,16.2,True,86885.0,80223.0,0.81,,False,False,,,
2026-05-15,제습기,3,34.41,002700,신일전자,1410,-3.09,False,1446.0,1402.0,1.04,,False,False,,,
2026-05-18,서울고속버스터미널 재개발 수혜,1,35.54,084670,동양고속,75000,82.48,False,42365.0,43108.0,17.54,,False,False,,,
2026-05-18,서울고속버스터미널 재개발 수혜,1,35.54,000650,천일고속,361000,62.61,False,221975.0,230683.0,17.38,,False,False,,,
2026-05-18,서울고속버스터미널 재개발 수혜,1,35.54,128820,대성산업,7530,4.29,False,7074.0,7550.0,2.65,,False,False,,,
2026-05-18,서울고속버스터미널 재개발 수혜,1,35.54,006040,동원산업,36700,-7.21,False,38380.0,39297.0,1.12,,False,False,,,
2026-05-18,스페이스X(SpaceX),2,23.68,100790,미래에셋벤처투자,59300,53.23,True,56062.0,35704.0,0.47,,False,False,,,
2026-05-18,스페이스X(SpaceX),2,23.68,027360,아주IB투자,16530,50.68,True,15538.0,10016.0,0.34,,False,False,,,
2026-05-18,스페이스X(SpaceX),2,23.68,006800,미래에셋증권,69700,-2.24,False,71640.0,68446.0,1.03,,False,False,,,
2026-05-18,스페이스X(SpaceX),2,23.68,347700,스피어,42950,-6.93,False,42738.0,44742.0,0.97,,False,False,,,
2026-05-18,LED장비,3,22.93,036930,주성엔지니어링,159200,120.19,True,131655.0,86258.0,1.26,0,True,True,,,
2026-05-18,LED장비,3,22.93,412350,레이저쎌,10650,28.31,True,8445.0,7099.0,1.39,0,True,True,,,
2026-05-18,LED장비,3,22.93,065130,탑엔지니어링,3745,10.8,True,3392.0,3249.0,4.42,0,True,True,,,
2026-05-18,LED장비,3,22.93,049080,기가레인,1577,-21.15,False,2139.0,1446.0,0.3,,False,False,,,
2026-05-18,LED장비,3,22.93,306620,지아이에스,2510,-23.48,False,3247.0,3091.0,0.86,,False,False,,,
2026-05-19,스페이스X(SpaceX),1,34.87,027360,아주IB투자,19190,60.85,True,15924.0,10260.0,2.29,,False,False,0.914,2281.0,303904.8
2026-05-19,스페이스X(SpaceX),1,34.87,321370,센서뷰,4190,38.33,True,3241.0,3193.0,5.7,,False,False,1.272,398.0,11066.0
2026-05-19,스페이스X(SpaceX),1,34.87,347700,스피어,48550,5.43,False,43122.0,44903.0,3.33,,False,False,1.065,3768.0,53051.2
2026-05-19,생명보험,2,14.13,032830,삼성생명,318000,25.44,True,279750.0,243925.0,0.84,,False,False,0.828,20179.0,131361.3
2026-05-19,생명보험,2,14.13,088350,한화생명,5970,21.84,True,5064.0,4938.0,2.01,,False,False,1.19,422.0,50628.5
2026-05-19,생명보험,2,14.13,003690,코리안리,14510,17.87,False,12472.0,12780.0,4.73,,False,False,1.177,644.0,6435.0
2026-05-19,생명보험,2,14.13,082640,동양생명,7740,-8.62,False,8214.0,8301.0,0.37,,False,False,0.207,295.0,5032.2
2026-05-19,손해보험,3,13.42,001450,현대해상,39050,28.45,True,31665.0,31422.0,5.32,,False,False,1.224,1800.0,21723.1
2026-05-19,손해보험,3,13.42,003690,코리안리,14590,18.52,False,12476.0,12781.0,4.73,,False,False,1.191,644.0,6435.0
2026-05-19,손해보험,3,13.42,000370,한화손해보험,7510,11.59,False,6723.0,6896.0,3.0,,False,False,1.206,448.0,4921.5
2026-05-19,손해보험,3,13.42,000540,흥국화재,4210,-4.86,False,4320.0,4569.0,2.18,,False,False,0.369,234.0,591.2
2026-05-20,국내 상장 중국기업,1,51.58,032580,피델릭스,5090,335.41,True,2253.0,1472.0,2.27,,False,False,1.02,548.0,11379.3
2026-05-20,국내 상장 중국기업,1,51.58,900260,로스웰,1570,-4.73,False,1607.0,1643.0,1.77,,False,False,0.159,46.0,44.4
2026-05-20,국내 상장 중국기업,1,51.58,900300,오가닉티코스메틱,119,-12.5,False,161.0,135.0,1.95,,False,False,0.285,31.0,14141.8
2026-05-20,국내 상장 중국기업,1,51.58,900250,크리스탈신소재,518,-17.91,False,573.0,585.0,0.62,,False,False,0.195,34.0,729.9
2026-05-20,국내 상장 중국기업,1,51.58,900290,GRT,3170,-42.36,False,3873.0,5093.0,0.29,,False,False,0.177,242.0,3273.9
2026-05-20,영화,2,16.0,018700,졸스,2960,75.67,False,1774.0,1778.0,2.01,,False,False,1.443,181.0,177.9
2026-05-20,영화,2,16.0,036420,콘텐트리중앙,6250,0.81,False,5812.0,6159.0,4.72,,False,False,0.85,354.0,526.4
2026-05-20,영화,2,16.0,079160,CJ CGV,4780,-1.85,False,4902.0,4935.0,1.11,,False,False,0.039,190.0,2399.5
2026-05-20,영화,2,16.0,086980,쇼박스,2685,-10.65,False,2919.0,2818.0,0.85,,False,False,-0.12,138.0,1680.8
2026-05-20,서울고속버스터미널 재개발 수혜,3,13.94,084670,동양고속,54900,36.4,False,42350.0,42678.0,4.24,,False,False,0.866,8211.0,31099.3
2026-05-20,서울고속버스터미널 재개발 수혜,3,13.94,004170,신세계,489500,31.23,True,440225.0,372083.0,0.88,,False,False,0.742,36393.0,38157.0
2026-05-20,서울고속버스터미널 재개발 수혜,3,13.94,000650,천일고속,261000,19.45,False,220250.0,227975.0,2.36,,False,False,0.758,38400.0,18856.5
2026-05-20,서울고속버스터미널 재개발 수혜,3,13.94,128820,대성산업,6555,-7.28,False,6978.0,7467.0,0.48,,False,False,0.234,599.0,11404.1
2026-05-20,서울고속버스터미널 재개발 수혜,3,13.94,006040,동원산업,35550,-10.11,False,38028.0,39013.0,0.56,,False,False,-0.093,1421.0,3325.4
2026-05-20,코로나19(진단/치료제/백신 개발 등),4,11.06,142280,녹십자엠에스,5740,41.73,True,4208.0,3860.0,5.97,,False,False,1.248,528.0,14658.4
2026-05-20,코로나19(진단/치료제/백신 개발 등),4,11.06,011000,진원생명과학,1662,25.72,True,1056.0,1014.0,3.21,,False,False,1.22,200.0,15612.7
2026-05-20,코로나19(진단/치료제/백신 개발 등),4,11.06,253840,수젠텍,7340,5.61,True,6190.0,5403.0,0.86,,False,False,0.985,869.0,39278.7
2026-05-20,코로나19(진단/치료제/백신 개발 등),4,11.06,261780,차백신연구소,3580,-0.69,True,3505.0,3450.0,2.98,0,True,True,0.546,634.0,24237.0
2026-05-20,코로나19(진단/치료제/백신 개발 등),4,11.06,084650,랩지노믹스,1374,-17.08,False,1357.0,1382.0,0.55,,False,False,0.557,130.0,12216.8
2026-05-20,지능형로봇/인공지능(AI),5,8.53,066570,LG전자,178300,43.21,True,162095.0,132830.0,1.58,0,True,True,0.618,20407.0,529842.0
2026-05-20,지능형로봇/인공지능(AI),5,8.53,078890,가온그룹,8740,22.41,True,7910.0,6968.0,4.67,0,True,True,0.671,1088.0,14144.4
2026-05-20,지능형로봇/인공지능(AI),5,8.53,290660,다이나믹솔루션,1167,11.46,True,1081.0,1063.0,1.06,0,True,True,0.746,119.0,3382.7
2026-05-20,지능형로봇/인공지능(AI),5,8.53,090710,휴림로봇,11020,-2.39,False,12350.0,12448.0,0.4,,False,False,0.039,1222.0,196668.9
2026-05-20,지능형로봇/인공지능(AI),5,8.53,010820,퍼스텍,10670,-32.04,False,13293.0,10062.0,0.36,,False,False,0.04,929.0,72012.8
2026-05-21,전선,1,81.5,024840,KBI메탈,6890,160.0,True,6197.0,3604.0,0.64,,False,False,0.569,1626.0,79917.8
2026-05-21,전선,1,81.5,006340,대원전선,15300,139.06,True,13924.0,8476.0,0.15,,False,False,0.6,2735.0,421617.9
2026-05-21,전선,1,81.5,006260,LS,515000,52.59,True,477350.0,344908.0,1.12,0,True,True,0.656,55393.0,138986.3
2026-05-21,전선,1,81.5,001440,대한전선,54800,31.89,False,56735.0,39954.0,0.31,,False,False,0.453,7643.0,813874.6
2026-05-21,전선,1,81.5,103590,일진전기,107100,23.96,False,120590.0,93410.0,0.65,,False,False,0.325,12232.0,106935.8
2026-05-21,온디바이스 AI,2,53.83,080220,제주반도체,95900,104.7,True,64912.0,49881.0,0.47,,False,False,0.945,9014.0,379239.1
2026-05-21,온디바이스 AI,2,53.83,000660,SK하이닉스,1811500,48.0,True,1592525.0,1185592.0,1.05,0,True,False,0.699,135357.0,8584053.2
2026-05-21,온디바이스 AI,2,53.83,403870,HPSP,50700,8.8,False,52650.0,47219.0,0.55,,False,False,0.307,4318.0,156177.9
2026-05-21,반도체 재료/부품,3,48.69,031330,에스에이엠티,14400,112.08,True,9893.0,6928.0,1.72,0,True,True,0.818,1716.0,24844.2
2026-05-21,반도체 재료/부품,3,48.69,052900,KX하이텍,2010,64.75,True,1427.0,1264.0,1.36,,False,False,1.103,208.0,8924.0
2026-05-21,반도체 재료/부품,3,48.69,144960,뉴파워프라즈마,9800,49.85,True,8298.0,6527.0,1.3,0,True,False,0.711,918.0,16534.7
2026-05-21,반도체 재료/부품,3,48.69,067310,하나마이크론,52100,36.93,True,43548.0,36371.0,0.86,,False,False,1.011,4459.0,131922.0
2026-05-21,반도체 재료/부품,3,48.69,092220,KEC,5660,-20.17,False,8826.0,7781.0,1.25,,False,False,-0.296,296.0,39676.3
2026-05-21,로봇(산업용/협동로봇 등),4,42.03,066430,아이로보틱스,3775,91.04,True,2588.0,2324.0,2.3,,False,False,0.894,570.0,32853.9
2026-05-21,로봇(산업용/협동로봇 등),4,42.03,048770,TPC로보틱스,5660,59.21,True,5015.0,3783.0,1.01,0,True,True,0.596,1168.0,11604.3
2026-05-21,로봇(산업용/협동로봇 등),4,42.03,264850,이랜시스,7160,16.61,True,7034.0,6590.0,1.83,0,True,False,0.537,975.0,44807.2
2026-05-21,로봇(산업용/협동로봇 등),4,42.03,090710,휴림로봇,11380,1.25,False,12348.0,12389.0,0.33,,False,False,0.169,1231.0,197737.5
2026-05-21,소캠(SOCAMM),5,40.52,222800,심텍,118300,48.99,True,99210.0,72183.0,1.13,,False,False,0.905,10807.0,78534.2
2026-05-21,소캠(SOCAMM),5,40.52,000660,SK하이닉스,1812000,48.04,True,1592550.0,1185600.0,1.05,0,True,False,0.699,135357.0,8584053.2
2026-05-21,소캠(SOCAMM),5,40.52,353200,대덕전자,141600,41.18,True,123585.0,92418.0,0.7,,False,False,0.824,13957.0,118574.7
2026-05-21,소캠(SOCAMM),5,40.52,005930,삼성전자,290000,32.42,True,256525.0,215792.0,1.16,0,True,False,0.791,20250.0,7939145.9
2026-05-21,소캠(SOCAMM),5,40.52,033160,엠케이전자,35300,31.96,True,28585.0,20314.0,0.84,,False,False,1.28,3479.0,29483.5
2026-05-22,고체산화물 연료전지(SOFC),1,40.62,336260,두산퓨얼셀,96000,98.96,True,75190.0,51810.0,0.34,,False,False,0.809,11271.0,103544.5
2026-05-22,고체산화물 연료전지(SOFC),1,40.62,452280,한선엔지니어링,35300,88.77,True,23650.0,16992.0,0.47,,False,False,1.002,3759.0,26503.0
2026-05-22,고체산화물 연료전지(SOFC),1,40.62,417200,LS머트리얼즈,23800,-5.37,False,25558.0,21904.0,0.53,,False,False,0.366,2201.0,128682.6
2026-05-22,고체산화물 연료전지(SOFC),1,40.62,475150,SK이터닉스,44150,-19.87,False,50475.0,48203.0,0.32,,False,False,0.202,3889.0,55510.2
2026-05-22,양자암호/양자컴퓨팅,2,21.59,123010,알엔티엑스,2980,89.21,True,1992.0,1472.0,1.28,,False,False,1.03,359.0,5200.0
2026-05-22,양자암호/양자컴퓨팅,2,21.59,050890,쏠리드,18030,8.16,True,16804.0,14417.0,0.49,,False,False,0.747,1778.0,133396.2
2026-05-22,양자암호/양자컴퓨팅,2,21.59,046970,우리로,10900,8.03,True,8864.0,6733.0,0.94,,False,False,1.208,1299.0,51652.7
2026-05-22,양자암호/양자컴퓨팅,2,21.59,062970,한국첨단소재,3070,2.16,True,2911.0,2701.0,0.92,,False,False,0.658,409.0,15216.7
2026-05-22,양자암호/양자컴퓨팅,2,21.59,203650,드림시큐리티,3945,0.38,True,3326.0,2371.0,0.12,,False,False,0.897,560.0,76621.7
2026-05-22,광통신(광케이블/광섬유 등),3,17.8,010170,대한광통신,25300,66.23,True,20732.0,13565.0,0.28,,False,False,0.74,3871.0,830044.9
2026-05-22,광통신(광케이블/광섬유 등),3,17.8,100590,머큐리,7900,15.84,True,7802.0,6442.0,0.31,,False,False,0.518,1517.0,34388.9
2026-05-22,광통신(광케이블/광섬유 등),3,17.8,069540,빛과전자,6120,8.7,True,5325.0,3725.0,0.94,,False,False,1.014,852.0,70052.7
2026-05-22,광통신(광케이블/광섬유 등),3,17.8,043260,성호전자,41500,-19.57,False,42482.0,42841.0,1.66,,False,False,0.422,5425.0,90883.6
2026-05-22,해저터널(지하화/지하도로 등),4,16.31,125020,티씨머티리얼즈,9920,65.89,True,7450.0,6209.0,2.36,,False,False,1.084,870.0,42934.1
2026-05-22,해저터널(지하화/지하도로 등),4,16.31,017510,세명전기,11840,12.55,False,13368.0,10859.0,0.23,,False,False,0.292,1344.0,41308.2
2026-05-22,해저터널(지하화/지하도로 등),4,16.31,060370,LS마린솔루션,37350,10.67,False,39610.0,33342.0,0.38,,False,False,0.389,4121.0,30901.6
2026-05-22,해저터널(지하화/지하도로 등),4,16.31,046940,우원개발,4150,-23.85,False,5255.0,4874.0,0.57,,False,False,0.088,456.0,2346.9
2026-05-26,온디바이스 AI,1,55.21,009150,삼성전기,1480000,91.21,True,988250.0,658583.0,1.33,,False,False,1.19,110821.0,998039.7
2026-05-26,온디바이스 AI,1,55.21,000660,SK하이닉스,2020000,64.9,True,1674600.0,1220033.0,0.59,,False,False,0.817,140214.0,8982918.2
2026-05-26,온디바이스 AI,1,55.21,005930,삼성전자,298500,32.96,True,264450.0,219075.0,0.58,,False,False,0.796,20357.0,8377196.5
2026-05-26,온디바이스 AI,1,55.21,403870,HPSP,67200,31.76,True,53930.0,47930.0,0.59,,False,False,1.369,5189.0,151983.5
2026-05-26,반도체 재료/부품,2,51.44,425040,티이엠씨,26850,119.0,True,21894.0,14869.0,0.73,,False,False,0.805,3274.0,75227.5
2026-05-26,반도체 재료/부품,2,51.44,052900,KX하이텍,2415,100.41,True,1530.0,1291.0,0.8,,False,False,1.154,242.0,11074.4
2026-05-26,반도체 재료/부품,2,51.44,142210,유니트론텍,8320,47.26,True,6880.0,5922.0,2.2,,False,False,0.855,838.0,15299.7
2026-05-26,반도체 재료/부품,2,51.44,252990,샘씨엔에스,14930,9.94,True,13306.0,11384.0,2.85,,False,False,0.888,1158.0,12959.9
2026-05-26,반도체 재료/부품,2,51.44,092220,KEC,6450,-19.43,False,8636.0,7820.0,1.43,,False,False,0.033,469.0,32437.9
2026-05-26,반도체 기판(FC-BGA/PCB/MLB 등),3,49.83,009150,삼성전기,1478000,90.96,True,988150.0,658550.0,1.33,,False,False,1.188,110821.0,998039.7
2026-05-26,반도체 기판(FC-BGA/PCB/MLB 등),3,49.83,036710,심텍홀딩스,5990,61.67,True,4553.0,3357.0,4.02,,False,False,0.93,732.0,6355.5
2026-05-26,반도체 기판(FC-BGA/PCB/MLB 등),3,49.83,064290,인텍플러스,39750,40.71,True,30022.0,23188.0,2.47,,False,False,1.165,3882.0,20439.9
2026-05-26,반도체 기판(FC-BGA/PCB/MLB 등),3,49.83,077360,덕산하이메탈,18090,5.98,True,17814.0,14303.0,0.99,,False,False,0.57,1757.0,38321.9
2026-05-26,MLCC(적층세라믹콘덴서),4,48.76,001820,삼화콘덴서,122550,97.34,True,71532.0,61252.0,4.57,,False,False,1.35,10293.0,43962.5
2026-05-26,MLCC(적층세라믹콘덴서),4,48.76,009150,삼성전기,1477000,90.83,True,988100.0,658533.0,1.33,,False,False,1.188,110821.0,998039.7
2026-05-26,MLCC(적층세라믹콘덴서),4,48.76,052710,아모텍,29450,21.95,True,21556.0,17919.0,3.28,,False,False,1.169,2676.0,15317.0
2026-05-26,MLCC(적층세라믹콘덴서),4,48.76,306620,지아이에스,3875,19.05,True,3210.0,3103.0,2.06,,False,False,0.947,378.0,6033.7
2026-05-26,MLCC(적층세라믹콘덴서),4,48.76,126730,코칩,24650,14.65,True,19872.0,19070.0,4.46,,False,False,1.023,2620.0,16613.5
2026-05-26,아이폰,5,46.85,009150,삼성전기,1481000,91.34,True,988300.0,658600.0,1.33,,False,False,1.191,110821.0,998039.7
2026-05-26,아이폰,5,46.85,000660,SK하이닉스,2020000,64.9,True,1674600.0,1220033.0,0.59,,False,False,0.817,140214.0,8982918.2
2026-05-26,아이폰,5,46.85,005930,삼성전자,298500,32.96,True,264450.0,219075.0,0.58,,False,False,0.796,20357.0,8377196.5
2026-05-26,아이폰,5,46.85,090460,비에이치,42150,25.63,True,33965.0,26102.0,2.1,,False,False,1.17,3604.0,30867.9
2026-05-26,아이폰,5,46.85,034220,LG디스플레이,15820,19.4,True,13303.0,12632.0,1.01,,False,False,1.05,1321.0,170898.0
2026-05-27,국내 상장 중국기업,1,144.18,032580,피델릭스,8480,610.81,True,3609.0,1926.0,0.0,,False,False,0.97,936.0,16988.9
2026-05-27,국내 상장 중국기업,1,144.18,900260,로스웰,1668,3.28,False,1604.0,1641.0,2.59,,False,False,1.052,42.0,50.8
2026-05-27,국내 상장 중국기업,1,144.18,900270,헝셩그룹,931,-15.67,False,1012.0,1132.0,0.49,,False,False,0.17,39.0,166.3
2026-05-27,국내 상장 중국기업,1,144.18,900290,GRT,3465,-21.69,False,3614.0,4995.0,1.26,,False,False,0.392,210.0,2654.7
2026-05-27,반도체 대표주(생산),2,56.38,000660,SK하이닉스,2259000,84.86,True,1728050.0,1239900.0,0.92,,False,False,0.97,147857.0,9158981.8
2026-05-27,반도체 대표주(생산),2,56.38,005930,삼성전자,320000,45.79,True,269500.0,220783.0,0.75,,False,False,0.931,19429.0,8341642.8
2026-05-27,반도체 대표주(생산),2,56.38,000990,DB하이텍,210500,38.49,True,172090.0,120263.0,1.65,,False,False,1.023,21143.0,130514.3
2026-05-27,IT 대표주,3,53.2,066570,LG전자,237500,86.27,True,183840.0,139573.0,0.77,,False,False,0.831,25236.0,679064.1
2026-05-27,IT 대표주,3,53.2,000660,SK하이닉스,2259000,84.86,True,1728050.0,1239900.0,0.92,,False,False,0.97,147857.0,9158981.8
2026-05-27,IT 대표주,3,53.2,005930,삼성전자,319500,45.56,True,269475.0,220775.0,0.75,,False,False,0.928,19429.0,8341642.8
2026-05-27,IT 대표주,3,53.2,018260,삼성에스디에스,222000,30.74,True,179585.0,168512.0,1.14,,False,False,1.264,14464.0,95330.4
2026-05-27,IT 대표주,3,53.2,034220,LG디스플레이,15140,18.56,True,13412.0,12616.0,1.44,,False,False,0.864,1359.0,171090.2
2026-05-27,소캠(SOCAMM),4,47.64,000660,SK하이닉스,2259000,84.86,True,1728050.0,1239900.0,0.92,,False,False,0.97,147857.0,9158981.8
2026-05-27,소캠(SOCAMM),4,47.64,353200,대덕전자,171600,48.96,True,132665.0,97473.0,1.69,,False,False,1.039,16307.0,125233.7
2026-05-27,소캠(SOCAMM),4,47.64,005930,삼성전자,319500,45.56,True,269475.0,220775.0,0.75,,False,False,0.928,19429.0,8341642.8
2026-05-27,소캠(SOCAMM),4,47.64,222800,심텍,129250,45.39,True,106252.0,76156.0,1.53,,False,False,0.87,13029.0,91068.7
2026-05-27,소캠(SOCAMM),4,47.64,033160,엠케이전자,32500,13.44,True,29360.0,21454.0,0.67,,False,False,0.796,3800.0,32002.4
2026-05-27,냉각시스템(액침냉각 등),5,42.58,066570,LG전자,237500,86.27,True,183840.0,139573.0,0.77,,False,False,0.831,25236.0,679064.1
2026-05-27,냉각시스템(액침냉각 등),5,42.58,067170,오텍,4295,76.39,True,3403.0,2460.0,1.51,,False,False,0.851,587.0,8496.6
2026-05-27,냉각시스템(액침냉각 등),5,42.58,036200,유니셈,13890,17.51,True,11874.0,10607.0,1.05,,False,False,1.042,1051.0,7016.1
2026-05-27,냉각시스템(액침냉각 등),5,42.58,096770,SK이노베이션,119800,-9.86,False,130390.0,123248.0,0.51,,False,False,0.244,7350.0,117552.3
2026-05-28,IT 대표주,1,51.24,066570,LG전자,234500,80.38,True,188940.0,141012.0,0.75,,False,False,0.786,25543.0,706501.4
2026-05-28,IT 대표주,1,51.24,000660,SK하이닉스,2195000,69.89,True,1772400.0,1258533.0,1.36,0,True,True,0.878,152286.0,9826520.0
2026-05-28,IT 대표주,1,51.24,018260,삼성에스디에스,246500,45.17,True,185395.0,170028.0,4.81,,False,False,1.101,18079.0,127777.0
2026-05-28,IT 대표주,1,51.24,005930,삼성전자,302000,34.52,True,272725.0,221992.0,1.06,0,True,True,0.77,18786.0,8662457.1
2026-05-28,IT 대표주,1,51.24,034220,LG디스플레이,15970,26.25,True,13528.0,12627.0,0.98,,False,False,0.986,1507.0,174421.3
2026-05-28,자동차 대표주,2,32.38,012330,현대모비스,718000,66.01,True,558575.0,461125.0,1.71,0,True,True,0.899,75821.0,512367.9
2026-05-28,자동차 대표주,2,32.38,005380,현대차,698000,33.21,True,628900.0,549192.0,0.81,,False,False,0.778,56143.0,1479231.4
2026-05-28,자동차 대표주,2,32.38,018880,한온시스템,5090,19.48,True,4910.0,4310.0,2.0,0,True,False,0.617,510.0,233180.5
2026-05-28,자동차 대표주,2,32.38,000270,기아,169100,10.81,True,163195.0,159938.0,0.73,,False,False,0.671,12007.0,292601.6
2026-05-28,전력저장장치(ESS),3,31.33,001820,삼화콘덴서,130300,107.15,True,78520.0,63836.0,3.74,,False,False,1.045,13464.0,76417.4
2026-05-28,전력저장장치(ESS),3,31.33,066570,LG전자,234500,80.38,True,188940.0,141012.0,0.75,,False,False,0.786,25543.0,706501.4
2026-05-28,전력저장장치(ESS),3,31.33,222080,씨아이에스,12630,-26.27,False,14899.0,13718.0,0.32,,False,False,0.223,1044.0,87881.1
2026-05-28,전력저장장치(ESS),3,31.33,011930,신성이엔지,25600,-35.92,False,35428.0,32356.0,1.65,,False,False,0.082,2921.0,24212.6
2026-05-28,전기차,4,31.24,001820,삼화콘덴서,130200,107.0,True,78515.0,63834.0,3.74,,False,False,1.045,13521.0,76417.4
2026-05-28,전기차,4,31.24,011230,삼화전자,3370,32.68,False,2497.0,2534.0,15.33,,False,False,0.978,298.0,4315.6
2026-05-28,전기차,4,31.24,018880,한온시스템,5110,19.95,True,4911.0,4310.0,2.0,0,True,False,0.629,510.0,233180.5
2026-05-28,전기차,4,31.24,417010,나노팀,13010,6.81,True,11111.0,10740.0,9.95,,False,False,1.012,1394.0,11013.0
2026-05-28,전기차,4,31.24,003720,삼영,10320,-10.26,False,11754.0,9160.0,2.22,,False,False,0.193,1358.0,22532.2
2026-05-28,피지컬 AI/휴머노이드 로봇,5,29.85,307180,아이엘,8230,34.48,True,7761.0,6133.0,0.63,,False,False,0.627,1106.0,19678.4
2026-05-28,피지컬 AI/휴머노이드 로봇,5,29.85,005930,삼성전자,301500,34.3,True,272700.0,221983.0,1.06,0,True,True,0.766,18786.0,8662457.1
2026-05-28,피지컬 AI/휴머노이드 로봇,5,29.85,005380,현대차,701000,33.78,True,629050.0,549242.0,0.81,,False,False,0.788,56143.0,1479231.4
2026-05-28,피지컬 AI/휴머노이드 로봇,5,29.85,086960,MDS테크,3260,16.85,True,3163.0,2963.0,0.51,,False,False,0.58,491.0,20228.6
2026-05-29,소캠(SOCAMM),1,55.08,353200,대덕전자,184900,69.17,True,138840.0,101145.0,1.17,,False,False,1.079,17957.0,127087.0
2026-05-29,소캠(SOCAMM),1,55.08,005930,삼성전자,313000,40.99,True,277150.0,223915.0,0.93,,False,False,0.85,20179.0,8857274.4
2026-05-29,SI(시스템통합),2,51.99,018260,삼성에스디에스,292500,69.57,True,191495.0,171977.0,2.01,,False,False,1.224,20979.0,143636.7
2026-05-29,SI(시스템통합),2,51.99,242040,나무기술,8720,67.05,False,5204.0,5492.0,4.84,,False,False,1.248,709.0,22151.5
2026-05-29,SI(시스템통합),2,51.99,064400,LG씨엔에스,110000,62.96,True,77940.0,68262.0,1.12,,False,False,1.202,10257.0,204157.4
2026-05-29,SI(시스템통합),2,51.99,012030,DB,2260,8.39,True,2116.0,1893.0,0.85,,False,False,0.739,215.0,7233.4
2026-05-29,IT 대표주,3,38.01,066570,LG전자,267500,91.07,True,194865.0,143193.0,0.79,,False,False,0.939,28750.0,736489.4
2026-05-29,IT 대표주,3,38.01,005930,삼성전자,312500,40.77,True,277125.0,223907.0,0.93,,False,False,0.846,20179.0,8857274.4
2026-05-29,IT 대표주,3,38.01,034220,LG디스플레이,15610,22.43,True,13593.0,12647.0,2.02,0,True,False,0.912,1610.0,191084.0
2026-05-29,IT 대표주,3,38.01,006400,삼성SDI,665000,-2.21,True,651250.0,523908.0,1.9,0,True,False,0.584,47000.0,547511.5
2026-05-29,클라우드 컴퓨팅,4,35.15,242040,나무기술,8700,66.67,False,5204.0,5491.0,4.84,,False,False,1.246,709.0,22151.5
2026-05-29,클라우드 컴퓨팅,4,35.15,064400,LG씨엔에스,110200,63.26,True,77950.0,68265.0,1.12,,False,False,1.205,10329.0,204157.4
2026-05-29,클라우드 컴퓨팅,4,35.15,012030,DB,2260,8.39,True,2116.0,1893.0,0.85,,False,False,0.739,215.0,7233.4
2026-05-29,클라우드 컴퓨팅,4,35.15,035420,NAVER,224500,2.28,False,206220.0,210282.0,1.95,,False,False,1.071,10732.0,209789.1
2026-05-29,피지컬 AI/휴머노이드 로봇,5,29.99,012330,현대모비스,732000,63.76,True,571225.0,464983.0,1.76,0,True,True,0.897,74429.0,562851.1
2026-05-29,피지컬 AI/휴머노이드 로봇,5,29.99,005930,삼성전자,313000,40.99,True,277150.0,223915.0,0.93,,False,False,0.85,20179.0,8857274.4
2026-05-29,피지컬 AI/휴머노이드 로봇,5,29.99,005380,현대차,722000,30.09,True,636200.0,550958.0,0.92,,False,False,0.845,56214.0,1529609.8
2026-05-29,피지컬 AI/휴머노이드 로봇,5,29.99,117730,티로보틱스,19070,-14.87,False,20028.0,19555.0,5.05,,False,False,0.344,1899.0,6893.9
2026-06-01,무선충전기술,1,109.19,011070,LG이노텍,1681000,183.95,True,854500.0,517875.0,3.11,,False,False,1.209,146286.0,413712.5
2026-06-01,무선충전기술,1,109.19,066570,LG전자,371000,173.2,True,207900.0,147985.0,2.24,,False,False,1.22,36314.0,839456.0
2026-06-01,무선충전기술,1,109.19,005930,삼성전자,327000,44.69,True,282400.0,226562.0,1.12,0,True,False,0.942,19571.0,9236531.9
2026-06-01,무선충전기술,1,109.19,004710,한솔테크닉스,11440,34.91,False,12654.0,8116.0,0.8,,False,False,0.378,1656.0,32338.3
2026-06-01,IT 대표주,2,90.52,066570,LG전자,375500,176.51,True,208125.0,148060.0,2.24,,False,False,1.23,36314.0,839456.0
2026-06-01,IT 대표주,2,90.52,018260,삼성에스디에스,357000,109.75,True,201160.0,175432.0,4.37,,False,False,1.263,27686.0,198232.3
2026-06-01,IT 대표주,2,90.52,000660,SK하이닉스,2311000,78.73,True,1879650.0,1307700.0,1.44,0,True,True,0.884,141571.0,11023650.3
2026-06-01,IT 대표주,2,90.52,005930,삼성전자,328000,45.13,True,282450.0,226578.0,1.12,0,True,False,0.95,19571.0,9236531.9
2026-06-01,IT 대표주,2,90.52,034220,LG디스플레이,17710,42.48,True,13881.0,12767.0,3.76,,False,False,1.125,1770.0,235093.6
2026-06-01,클라우드 컴퓨팅,3,83.36,064400,LG씨엔에스,140000,109.9,True,81795.0,69693.0,2.94,,False,False,1.308,12629.0,248293.4
2026-06-01,클라우드 컴퓨팅,3,83.36,018260,삼성에스디에스,355500,108.87,True,201085.0,175407.0,4.37,,False,False,1.26,27686.0,198232.3
2026-06-01,클라우드 컴퓨팅,3,83.36,242040,나무기술,10370,100.58,False,5468.0,5610.0,3.69,,False,False,1.241,832.0,28912.5
2026-06-01,클라우드 컴퓨팅,3,83.36,035420,NAVER,251000,14.09,False,208245.0,211157.0,5.59,,False,False,1.3,13518.0,289874.1
2026-06-01,밸류업(24년 기업가치 제고계획 발표),4,70.82,066570,LG전자,369000,171.72,True,207800.0,147952.0,2.24,,False,False,1.215,36314.0,839456.0
2026-06-01,밸류업(24년 기업가치 제고계획 발표),4,70.82,000660,SK하이닉스,2306000,78.34,True,1879400.0,1307617.0,1.44,0,True,True,0.881,141571.0,11023650.3
2026-06-01,밸류업(24년 기업가치 제고계획 발표),4,70.82,003550,LG,174200,77.21,True,116395.0,99800.0,6.01,,False,False,1.325,16257.0,126415.2
2026-06-01,밸류업(24년 기업가치 제고계획 발표),4,70.82,034220,LG디스플레이,17300,39.18,True,13860.0,12760.0,3.76,,False,False,1.081,1770.0,235093.6
2026-06-01,밸류업(24년 기업가치 제고계획 발표),4,70.82,175330,JB금융지주,23750,-12.36,False,25410.0,28403.0,9.32,,False,False,0.091,1082.0,24882.7
2026-06-01,피지컬 AI/휴머노이드 로봇,5,67.76,066570,LG전자,375500,176.51,True,208125.0,148060.0,2.24,,False,False,1.23,36314.0,839456.0
2026-06-01,피지컬 AI/휴머노이드 로봇,5,67.76,005930,삼성전자,328500,45.35,True,282475.0,226587.0,1.12,,False,False,0.953,19571.0,9236531.9
2026-06-01,피지컬 AI/휴머노이드 로봇,5,67.76,005380,현대차,770000,38.49,True,646950.0,555458.0,1.28,,False,False,0.967,58143.0,1569201.0
2026-06-01,피지컬 AI/휴머노이드 로봇,5,67.76,000270,기아,173700,10.71,True,164475.0,159923.0,1.4,0,True,True,0.768,11450.0,302660.3
2026-06-02,IT 대표주,1,86.94,066570,LG전자,386000,173.95,True,220630.0,152653.0,1.21,,False,False,1.107,39800.0,925972.8
2026-06-02,IT 대표주,1,86.94,000660,SK하이닉스,2324000,80.72,True,1934150.0,1331617.0,0.93,,False,False,0.869,144357.0,11488306.0
2026-06-02,IT 대표주,1,86.94,018260,삼성에스디에스,300000,80.51,True,208100.0,177733.0,2.88,0,True,True,0.913,32864.0,250197.3
2026-06-02,IT 대표주,1,86.94,005930,삼성전자,363000,64.63,True,290625.0,229785.0,1.31,,False,False,1.126,21607.0,9777273.6
2026-06-02,IT 대표주,1,86.94,034220,LG디스플레이,16540,34.91,True,14000.0,12817.0,2.92,0,True,True,0.95,1880.0,276516.6
2026-06-02,반도체 대표주(생산),2,51.49,000660,SK하이닉스,2323000,80.64,True,1934100.0,1331600.0,0.93,,False,False,0.868,144357.0,11488306.0
2026-06-02,반도체 대표주(생산),2,51.49,005930,삼성전자,362000,64.17,True,290575.0,229768.0,1.31,,False,False,1.121,21607.0,9777273.6
2026-06-02,반도체 대표주(생산),2,51.49,000990,DB하이텍,173800,9.65,False,177175.0,126397.0,0.95,,False,False,0.448,19821.0,142558.0
2026-06-02,국내 상장 중국기업,3,46.74,032580,피델릭스,5340,289.21,True,4431.0,2220.0,0.5,,False,False,0.6,1339.0,27292.9
2026-06-02,국내 상장 중국기업,3,46.74,900260,로스웰,1657,2.28,False,1611.0,1639.0,0.66,,False,False,0.841,44.0,67.5
2026-06-02,국내 상장 중국기업,3,46.74,900290,GRT,3590,-7.47,False,3509.0,4859.0,3.58,,False,False,0.588,298.0,2283.3
2026-06-02,국내 상장 중국기업,3,46.74,900340,윙입푸드,2180,-22.94,False,2930.0,2703.0,0.0,,False,False,-0.562,56.0,30.8
2026-06-02,국내 상장 중국기업,3,46.74,900270,헝셩그룹,793,-27.38,False,947.0,1092.0,2.84,,False,False,0.139,65.0,131.2
2026-06-02,공기청정기,4,40.84,066570,LG전자,372750,164.55,True,219968.0,152432.0,1.21,,False,False,1.075,39800.0,925972.8
2026-06-02,공기청정기,4,40.84,005930,삼성전자,362000,64.17,True,290575.0,229768.0,1.31,,False,False,1.121,21607.0,9777273.6
2026-06-02,공기청정기,4,40.84,043260,성호전자,41400,1.22,False,41112.0,44027.0,2.54,,False,False,0.52,5657.0,99282.1
2026-06-02,공기청정기,4,40.84,058610,에스피지,119700,-6.19,False,125095.0,120132.0,1.82,,False,False,0.354,13650.0,72594.0
2026-06-02,공기청정기,4,40.84,002700,신일전자,1186,-19.54,False,1348.0,1386.0,1.35,,False,False,-0.004,55.0,1005.9
2026-06-02,제습기,5,33.19,066570,LG전자,375500,166.5,True,220105.0,152478.0,1.21,,False,False,1.082,39800.0,925972.8
2026-06-02,제습기,5,33.19,005930,삼성전자,362000,64.17,True,290575.0,229768.0,1.31,,False,False,1.121,21607.0,9777273.6
2026-06-02,제습기,5,33.19,058610,에스피지,119800,-6.11,False,125100.0,120133.0,1.82,,False,False,0.356,13650.0,72594.0
2026-06-02,제습기,5,33.19,002700,신일전자,1186,-19.54,False,1348.0,1386.0,1.35,,False,False,-0.004,55.0,1005.9
2026-06-02,제습기,5,33.19,037070,파세코,5960,-39.06,False,7896.0,8433.0,1.35,,False,False,0.099,565.0,1431.0
2026-06-03,공기청정기,1,55.34,066570,LG전자,392500,178.57,True,220955.0,152762.0,1.21,,False,False,1.122,41300.0,925972.8
2026-06-03,공기청정기,1,55.34,005930,삼성전자,360500,63.49,True,290500.0,229743.0,1.31,,False,False,1.113,21607.0,9777273.6
2026-06-03,공기청정기,1,55.34,058610,에스피지,123700,-3.06,False,125295.0,120198.0,1.82,,False,False,0.456,13650.0,72594.0
2026-06-03,공기청정기,1,55.34,002700,신일전자,1214,-17.64,False,1350.0,1387.0,1.35,,False,False,0.064,56.0,1005.9
2026-06-03,제습기,2,30.39,066570,LG전자,392500,178.57,True,220955.0,152762.0,1.21,,False,False,1.122,41300.0,925972.8
2026-06-03,제습기,2,30.39,058610,에스피지,123700,-3.06,False,125295.0,120198.0,1.82,,False,False,0.456,13650.0,72594.0
2026-06-03,제습기,2,30.39,002700,신일전자,1214,-17.64,False,1350.0,1387.0,1.35,,False,False,0.064,56.0,1005.9
2026-06-03,제습기,2,30.39,037070,파세코,6230,-36.3,False,7909.0,8438.0,1.35,,False,False,0.146,575.0,1431.0
2026-06-03,생명보험,3,19.21,032830,삼성생명,480000,92.38,True,334925.0,266275.0,1.14,,False,False,1.233,31571.0,185506.6
2026-06-03,생명보험,3,19.21,085620,미래에셋생명,17200,7.97,False,15208.0,16156.0,0.98,,False,False,1.134,1202.0,2228.9
2026-06-03,생명보험,3,19.21,003690,코리안리,13100,6.07,True,13036.0,12759.0,0.95,,False,False,0.516,811.0,8548.1
2026-06-03,생명보험,3,19.21,088350,한화생명,4855,-0.61,False,5162.0,4928.0,0.36,,False,False,0.269,459.0,63436.0
2026-06-03,생명보험,3,19.21,082640,동양생명,7500,-9.75,False,7739.0,8298.0,1.09,,False,False,0.29,364.0,1913.3
2026-06-03,모바일게임(스마트폰),4,16.62,035420,NAVER,280500,32.94,True,212745.0,212507.0,7.09,,False,False,1.225,19304.0,482138.4
2026-06-03,모바일게임(스마트폰),4,16.62,181710,NHN,53300,30.0,True,41155.0,39702.0,4.89,,False,False,0.998,4811.0,8999.0
2026-06-03,모바일게임(스마트폰),4,16.62,047080,한빛소프트,1640,23.96,True,1382.0,1310.0,1.32,,False,False,1.2,156.0,1034.9
2026-06-03,모바일게임(스마트폰),4,16.62,208640,썸에이지,156,-20.41,False,173.0,187.0,0.48,,False,False,0.074,18.0,822.7
2026-06-04,온디바이스 AI,1,55.61,009150,삼성전기,1771000,92.92,True,1302700.0,805158.0,1.35,0,True,True,0.779,187000.0,1980215.9
2026-06-04,온디바이스 AI,1,55.61,080220,제주반도체,107900,90.3,True,87755.0,58516.0,0.44,,False,False,0.713,16214.0,405295.0
2026-06-04,온디바이스 AI,1,55.61,000660,SK하이닉스,2298000,58.81,True,1978500.0,1355117.0,0.95,,False,False,0.816,136429.0,11949903.5
2026-06-04,온디바이스 AI,1,55.61,005930,삼성전자,353000,51.83,True,296525.0,232490.0,1.26,,False,False,0.997,20821.0,10325302.3
2026-06-04,온디바이스 AI,1,55.61,403870,HPSP,45800,-15.81,False,52025.0,48298.0,1.04,,False,False,0.119,5200.0,147327.0
2026-06-04,5G(5세대 이동통신),2,46.49,066570,LG전자,334000,133.24,True,230495.0,156362.0,2.3,0,True,False,0.865,44686.0,1086686.4
2026-06-04,5G(5세대 이동통신),2,46.49,005930,삼성전자,353000,51.83,True,296525.0,232490.0,1.26,,False,False,0.997,20821.0,10325302.3
2026-06-04,5G(5세대 이동통신),2,46.49,242040,나무기술,7200,44.0,False,5487.0,5633.0,2.08,,False,False,0.818,1230.0,43980.6
2026-06-04,5G(5세대 이동통신),2,46.49,010170,대한광통신,21100,19.21,False,23464.0,15747.0,0.56,,False,False,0.296,3452.0,851820.8
2026-06-04,5G(5세대 이동통신),2,46.49,069540,빛과전자,4385,-15.83,False,5324.0,4213.0,1.02,,False,False,0.208,969.0,99441.5
2026-06-04,소캠(SOCAMM),3,34.84,000660,SK하이닉스,2300000,58.95,True,1978600.0,1355150.0,0.95,,False,False,0.818,136429.0,11949903.5
2026-06-04,소캠(SOCAMM),3,34.84,005930,삼성전자,353000,51.83,True,296525.0,232490.0,1.26,,False,False,0.997,20821.0,10325302.3
2026-06-04,소캠(SOCAMM),3,34.84,353200,대덕전자,159800,39.69,True,146765.0,106565.0,1.53,0,True,False,0.666,17936.0,166105.8
2026-06-04,소캠(SOCAMM),3,34.84,222800,심텍,113300,28.46,True,111650.0,80981.0,1.27,0,True,False,0.538,13693.0,107592.8
2026-06-04,소캠(SOCAMM),3,34.84,033160,엠케이전자,26200,-4.73,False,28308.0,22715.0,1.16,,False,False,0.35,4890.0,34492.0
2026-06-04,반도체 재료/부품,4,24.98,031330,에스에이엠티,18500,150.34,True,13680.0,8468.0,0.63,,False,False,0.819,2862.0,39424.6
2026-06-04,반도체 재료/부품,4,24.98,052900,KX하이텍,1808,45.92,True,1670.0,1341.0,0.4,,False,False,0.636,257.0,14270.7
2026-06-04,반도체 재료/부품,4,24.98,425040,티이엠씨,20050,1.73,False,22826.0,15933.0,0.85,,False,False,0.25,3361.0,65155.6
2026-06-04,반도체 재료/부품,4,24.98,036090,위지트,1509,-26.39,False,1841.0,1896.0,4.61,,False,False,0.166,128.0,911.4
2026-06-04,반도체 재료/부품,4,24.98,092220,KEC,4900,-46.68,False,7354.0,7664.0,1.23,,False,False,0.185,780.0,8739.7
2026-06-04,반도체 기판(FC-BGA/PCB/MLB 등),5,24.36,009150,삼성전기,1770000,92.81,True,1302650.0,805142.0,1.35,0,True,True,0.778,187000.0,1980215.9
2026-06-04,반도체 기판(FC-BGA/PCB/MLB 등),5,24.36,353200,대덕전자,159700,39.6,True,146760.0,106563.0,1.53,0,True,False,0.665,17936.0,166105.8
2026-06-04,반도체 기판(FC-BGA/PCB/MLB 등),5,24.36,222800,심텍,113500,28.68,True,111660.0,80984.0,1.27,0,True,False,0.542,13693.0,107592.8
2026-06-04,반도체 기판(FC-BGA/PCB/MLB 등),5,24.36,007660,이수페타시스,136800,-8.19,True,133565.0,126168.0,1.06,0,True,False,0.601,11993.0,183048.7
2026-06-04,반도체 기판(FC-BGA/PCB/MLB 등),5,24.36,077360,덕산하이메탈,13500,-31.09,False,16556.0,14525.0,0.78,,False,False,0.169,2036.0,28342.9
2026-06-05,백화점,1,21.14,004170,신세계,688000,67.8,True,522175.0,408250.0,1.58,,False,False,1.122,51214.0,53228.1
2026-06-05,백화점,1,21.14,069960,현대백화점,147400,36.86,True,115550.0,97835.0,3.09,,False,False,1.22,11650.0,20900.8
2026-06-05,백화점,1,21.14,023530,롯데쇼핑,173600,31.71,True,156635.0,127178.0,1.94,0,True,True,0.882,13186.0,27527.0
2026-06-05,백화점,1,21.14,452260,한화갤러리아,2700,-11.76,False,3020.0,2771.0,0.17,,False,False,0.148,261.0,40246.7
2026-06-05,백화점,1,21.14,006370,대구백화점,4630,-18.91,False,5167.0,5343.0,0.39,,False,False,0.083,409.0,260.1
2026-06-05,서울고속버스터미널 재개발 수혜,2,20.0,004170,신세계,688000,67.8,True,522175.0,408250.0,1.58,,False,False,1.122,51214.0,53228.1
2026-06-05,서울고속버스터미널 재개발 수혜,2,20.0,084670,동양고속,47150,31.7,True,43240.0,41598.0,1.61,0,True,True,0.619,10593.0,44483.7
2026-06-05,서울고속버스터미널 재개발 수혜,2,20.0,000650,천일고속,244000,26.62,True,225315.0,220955.0,1.89,0,True,True,0.623,53907.0,26012.8
2026-06-05,서울고속버스터미널 재개발 수혜,2,20.0,006040,동원산업,34400,-9.23,False,36405.0,37980.0,0.79,,False,False,0.184,1336.0,3041.7
2026-06-05,서울고속버스터미널 재개발 수혜,2,20.0,128820,대성산업,5650,-16.91,False,6400.0,6932.0,0.86,,False,False,0.228,536.0,12344.5
2026-06-08,국내 상장 중국기업,1,41.81,032580,피델릭스,4870,230.84,False,5056.0,2452.0,0.16,,False,False,0.476,1386.0,28814.0
2026-06-08,국내 상장 중국기업,1,41.81,900260,로스웰,1577,-4.13,False,1603.0,1635.0,0.22,,False,False,0.307,48.0,63.1
2026-06-08,국내 상장 중국기업,1,41.81,900290,GRT,3015,-18.95,False,3404.0,4697.0,5.19,,False,False,-0.016,346.0,2600.0
2026-06-08,국내 상장 중국기업,1,41.81,900340,윙입푸드,1767,-40.51,False,2750.0,2666.0,1.79,,False,False,-0.04,102.0,112.8
2026-06-09,MLCC(적층세라믹콘덴서),1,45.78,009150,삼성전기,1824000,99.56,True,1425050.0,871825.0,0.83,,False,False,0.745,210500.0,2227166.2
2026-06-09,MLCC(적층세라믹콘덴서),1,45.78,001820,삼화콘덴서,116800,76.97,True,97155.0,72528.0,0.45,,False,False,0.66,23514.0,204639.4
2026-06-09,MLCC(적층세라믹콘덴서),1,45.78,457370,한켐,14040,51.62,True,10362.0,9218.0,5.72,0,True,False,0.914,2206.0,33732.1
2026-06-09,MLCC(적층세라믹콘덴서),1,45.78,052710,아모텍,26400,26.62,True,22896.0,19986.0,0.46,,False,False,0.705,4669.0,35167.6
2026-06-09,MLCC(적층세라믹콘덴서),1,45.78,306620,지아이에스,2535,-25.88,False,2955.0,3111.0,0.47,,False,False,0.235,430.0,6178.9
2026-06-09,반도체 기판(FC-BGA/PCB/MLB 등),2,22.8,009150,삼성전기,1825000,99.67,True,1425100.0,871842.0,0.83,,False,False,0.745,210500.0,2227166.2
2026-06-09,반도체 기판(FC-BGA/PCB/MLB 등),2,22.8,353200,대덕전자,150100,21.83,False,150370.0,110800.0,0.69,,False,False,0.496,18364.0,169570.0
2026-06-09,반도체 기판(FC-BGA/PCB/MLB 등),2,22.8,222800,심텍,109000,-5.87,False,111450.0,83552.0,0.75,,False,False,0.442,15321.0,104688.2
2026-06-09,반도체 기판(FC-BGA/PCB/MLB 등),2,22.8,077360,덕산하이메탈,13730,-24.44,False,15871.0,14626.0,0.63,,False,False,0.259,2037.0,27528.2
2026-06-09,온디바이스 AI,3,21.84,080220,제주반도체,102000,86.47,True,93860.0,61221.0,1.04,0,True,True,0.605,15493.0,415436.5
2026-06-09,온디바이스 AI,3,21.84,000660,SK하이닉스,2033000,20.58,True,2032150.0,1409867.0,1.09,0,True,True,0.501,148643.0,12256603.1
2026-06-09,온디바이스 AI,3,21.84,005930,삼성전자,307000,14.34,True,302725.0,238800.0,1.12,0,True,True,0.541,21571.0,10466571.9
2026-06-09,온디바이스 AI,3,21.84,403870,HPSP,54200,0.56,True,51432.0,48641.0,1.36,0,True,False,0.677,6021.0,171316.2
2026-06-09,온디바이스 AI,3,21.84,200470,에이팩트,8710,-12.73,True,8608.0,8108.0,1.57,0,True,False,0.534,914.0,8787.0
2026-06-10,백화점,1,23.87,004170,신세계,679000,52.41,True,548675.0,422050.0,1.23,,False,False,1.022,60643.0,63112.7
2026-06-10,백화점,1,23.87,069960,현대백화점,166600,49.82,True,122750.0,101467.0,1.75,,False,False,1.051,14086.0,26175.8
2026-06-10,백화점,1,23.87,023530,롯데쇼핑,193200,33.24,True,162780.0,131392.0,1.48,,False,False,1.131,14293.0,30218.9
2026-06-10,백화점,1,23.87,037710,광주신세계,35300,-5.11,False,35702.0,37090.0,2.25,,False,False,0.435,1264.0,794.8
2026-06-10,백화점,1,23.87,452260,한화갤러리아,2550,-10.99,False,2950.0,2753.0,0.21,,False,False,0.177,228.0,39556.3
2026-06-12,MLCC(적층세라믹콘덴서),1,38.12,009150,삼성전기,1976000,92.03,True,1567300.0,947142.0,0.74,,False,False,0.765,227500.0,2432452.9
2026-06-12,MLCC(적층세라믹콘덴서),1,38.12,306620,지아이에스,2560,-15.79,False,2854.0,3096.0,0.28,,False,False,0.321,393.0,5808.0
2026-06-12,온디바이스 AI,2,28.73,080220,제주반도체,105300,78.78,True,100060.0,63963.0,0.51,,False,False,0.618,14279.0,431232.6
2026-06-12,온디바이스 AI,2,28.73,222800,심텍,134800,18.04,True,113645.0,87279.0,2.32,0,True,True,0.918,16836.0,118866.1
2026-06-12,온디바이스 AI,2,28.73,005930,삼성전자,330500,16.37,True,307650.0,245248.0,0.93,,False,False,0.721,24054.0,10384104.9
2026-06-12,온디바이스 AI,2,28.73,000660,SK하이닉스,2285000,15.64,True,2078400.0,1473233.0,1.12,0,True,True,0.747,176643.0,12164556.3
2026-06-12,온디바이스 AI,2,28.73,403870,HPSP,63500,14.83,True,52052.0,49385.0,2.05,,False,False,1.096,7061.0,221699.1
2026-06-12,아이폰,3,21.96,009150,삼성전기,1974000,91.84,True,1567200.0,947108.0,0.74,,False,False,0.764,227500.0,2432452.9
2026-06-12,아이폰,3,21.96,005930,삼성전자,331000,16.55,True,307675.0,245257.0,0.93,,False,False,0.726,24054.0,10384104.9
2026-06-12,아이폰,3,21.96,000660,SK하이닉스,2279000,15.33,True,2078100.0,1473133.0,1.12,0,True,True,0.74,176643.0,12164556.3
2026-06-12,아이폰,3,21.96,034220,LG디스플레이,14030,-0.99,False,14493.0,13105.0,0.33,,False,False,0.406,1691.0,342855.7
2026-06-12,아이폰,3,21.96,090460,비에이치,26250,-12.94,False,31432.0,28325.0,0.71,,False,False,0.207,3261.0,32026.9
2026-06-12,인터넷 대표주,4,16.87,035420,NAVER,235500,16.87,True,227195.0,215823.0,0.62,,False,False,0.568,28729.0,907854.9
2026-06-15,MLCC(적층세라믹콘덴서),1,66.91,001820,삼화콘덴서,146800,118.78,True,110200.0,77735.0,0.59,,False,False,0.824,26221.0,228471.2
2026-06-15,MLCC(적층세라믹콘덴서),1,66.91,009150,삼성전기,1949000,90.33,True,1600450.0,967817.0,1.23,0,True,True,0.74,242071.0,2552670.6
2026-06-15,MLCC(적층세라믹콘덴서),1,66.91,457370,한켐,14810,70.62,True,11190.0,9502.0,0.32,,False,False,0.89,2555.0,39939.5
2026-06-15,MLCC(적층세라믹콘덴서),1,66.91,306620,지아이에스,2620,-12.08,False,2832.0,3083.0,0.24,,False,False,0.372,371.0,5759.1
2026-06-15,반도체 기판(FC-BGA/PCB/MLB 등),2,21.51,009150,삼성전기,1937000,89.16,True,1599850.0,967617.0,1.23,0,True,True,0.732,242071.0,2552670.6
2026-06-15,반도체 기판(FC-BGA/PCB/MLB 등),2,21.51,353200,대덕전자,179100,23.86,True,155905.0,117313.0,2.31,0,True,False,0.867,21168.0,193250.8
2026-06-15,반도체 기판(FC-BGA/PCB/MLB 등),2,21.51,222800,심텍,129800,18.21,True,114410.0,88422.0,1.67,0,True,False,0.801,16657.0,127544.3
2026-06-15,반도체 기판(FC-BGA/PCB/MLB 등),2,21.51,007660,이수페타시스,127700,-3.62,False,126135.0,127207.0,1.73,,False,False,0.546,13593.0,180028.3
2026-06-15,반도체 기판(FC-BGA/PCB/MLB 등),2,21.51,077360,덕산하이메탈,14710,-20.05,False,15114.0,14680.0,0.66,,False,False,0.45,1941.0,25988.3
2026-06-16,반도체 대표주(생산),1,18.72,000660,SK하이닉스,2362000,29.85,True,2114700.0,1514717.0,0.68,,False,False,0.799,183643.0,11930102.2
2026-06-16,반도체 대표주(생산),1,18.72,005930,삼성전자,339500,25.51,True,312750.0,249683.0,0.66,,False,False,0.764,25304.0,10193149.6
2026-06-16,반도체 대표주(생산),1,18.72,000990,DB하이텍,164800,0.8,False,174730.0,138147.0,0.74,,False,False,0.352,17989.0,147893.7
2026-06-16,백화점,2,18.19,069960,현대백화점,193000,62.59,True,136590.0,108108.0,0.88,,False,False,0.94,15921.0,33570.1
2026-06-16,백화점,2,18.19,004170,신세계,754000,39.37,True,592375.0,447200.0,0.66,,False,False,0.976,64893.0,71469.5
2026-06-16,백화점,2,18.19,023530,롯데쇼핑,191200,12.6,True,168785.0,137558.0,1.7,0,True,True,0.82,15550.0,34173.6
2026-06-16,백화점,2,18.19,006370,대구백화점,4575,-10.64,False,5003.0,5380.0,4.02,,False,False,0.074,415.0,248.3
2026-06-16,백화점,2,18.19,452260,한화갤러리아,2915,-12.99,True,2837.0,2757.0,0.32,,False,False,0.582,212.0,15589.6
2026-06-17,시멘트/레미콘,1,44.55,079650,서산,3705,205.19,True,1433.0,1405.0,2.6,,False,False,1.31,278.0,2046.5
2026-06-17,시멘트/레미콘,1,44.55,255220,SG,2190,-1.13,False,2057.0,2441.0,1.79,,False,False,0.742,149.0,2647.5
2026-06-17,시멘트/레미콘,1,44.55,001520,동양,604,-8.76,False,605.0,722.0,2.13,,False,False,0.493,51.0,721.1
2026-06-17,시멘트/레미콘,1,44.55,038500,삼표시멘트,11110,-17.09,False,11696.0,14443.0,0.49,,False,False,0.345,1178.0,24549.1
2026-06-17,생명보험,2,37.6,085620,미래에셋생명,31100,107.33,True,20326.0,17797.0,2.86,0,True,True,0.922,3940.0,57391.8
2026-06-17,생명보험,2,37.6,032830,삼성생명,431500,37.64,True,385250.0,297033.0,0.46,,False,False,0.77,38107.0,208556.0
2026-06-17,생명보험,2,37.6,082640,동양생명,8200,8.18,False,7634.0,8200.0,1.2,,False,False,1.048,430.0,1399.3
2026-06-17,생명보험,2,37.6,003690,코리안리,14020,-2.77,True,13600.0,12818.0,0.79,,False,False,0.696,752.0,10193.6
2026-06-17,소캠(SOCAMM),3,29.02,000660,SK하이닉스,2404000,30.65,True,2143900.0,1538233.0,0.66,,False,False,0.814,167571.0,11653851.1
2026-06-17,소캠(SOCAMM),3,29.02,222800,심텍,127900,27.39,True,117315.0,90741.0,0.55,,False,False,0.71,16043.0,129064.7
2026-06-17,백화점,4,26.06,069960,현대백화점,193500,72.77,True,140935.0,109990.0,0.76,,False,False,0.882,16664.0,33911.6
2026-06-17,백화점,4,26.06,004170,신세계,751000,49.3,True,605425.0,454342.0,0.98,,False,False,0.903,66929.0,71670.5
2026-06-17,백화점,4,26.06,023530,롯데쇼핑,203500,28.31,True,171370.0,139272.0,1.37,0,True,True,0.914,16243.0,35457.0
2026-06-17,백화점,4,26.06,452260,한화갤러리아,2790,-9.71,False,2815.0,2757.0,0.56,,False,False,0.473,205.0,10464.5
2026-06-17,백화점,4,26.06,006370,대구백화점,4590,-10.35,False,4976.0,5380.0,0.75,,False,False,0.137,396.0,244.9
2026-06-17,반도체 기판(FC-BGA/PCB/MLB 등),5,25.92,009150,삼성전기,2031000,96.99,True,1704850.0,1020908.0,0.67,,False,False,0.749,226357.0,2702873.2
2026-06-17,반도체 기판(FC-BGA/PCB/MLB 등),5,25.92,222800,심텍,127700,27.19,True,117305.0,90738.0,0.55,,False,False,0.706,16043.0,129064.7
2026-06-17,반도체 기판(FC-BGA/PCB/MLB 등),5,25.92,353200,대덕전자,177600,26.5,True,158900.0,120380.0,0.74,,False,False,0.815,19796.0,202464.8
2026-06-17,반도체 기판(FC-BGA/PCB/MLB 등),5,25.92,007660,이수페타시스,124200,-5.55,False,125080.0,126937.0,0.83,,False,False,0.474,12129.0,180920.9
2026-06-17,반도체 기판(FC-BGA/PCB/MLB 등),5,25.92,077360,덕산하이메탈,14520,-15.53,False,14812.0,14744.0,0.37,,False,False,0.46,1798.0,24083.6
2026-06-18,MLCC(적층세라믹콘덴서),1,94.98,001820,삼화콘덴서,177000,177.0,True,124125.0,82567.0,0.32,,False,False,1.025,23257.0,244514.4
2026-06-18,MLCC(적층세라믹콘덴서),1,94.98,009150,삼성전기,2090000,111.75,True,1760050.0,1048017.0,0.37,,False,False,0.783,210429.0,2704775.6
2026-06-18,MLCC(적층세라믹콘덴서),1,94.98,457370,한켐,14790,93.08,True,12041.0,9732.0,0.28,,False,False,0.845,2246.0,43164.8
2026-06-18,MLCC(적층세라믹콘덴서),1,94.98,052710,아모텍,32350,91.65,True,26238.0,21810.0,0.47,,False,False,0.882,4175.0,37363.8
2026-06-18,MLCC(적층세라믹콘덴서),1,94.98,306620,지아이에스,2525,1.41,False,2825.0,3039.0,0.22,,False,False,0.322,272.0,5633.0
2026-06-18,시멘트/레미콘,2,56.19,079650,서산,4050,245.86,True,1577.0,1447.0,6.27,,False,False,1.18,328.0,3983.9
2026-06-18,시멘트/레미콘,2,56.19,198440,강동씨앤엘,1658,62.39,False,1079.0,1114.0,14.46,,False,False,1.35,133.0,710.3
2026-06-18,시멘트/레미콘,2,56.19,255220,SG,2230,0.9,False,2063.0,2432.0,1.73,,False,False,0.783,157.0,2725.6
2026-06-18,시멘트/레미콘,2,56.19,001520,동양,576,-13.25,False,600.0,717.0,1.03,,False,False,0.331,52.0,737.8
2026-06-18,시멘트/레미콘,2,56.19,038500,삼표시멘트,10530,-14.94,False,11591.0,14324.0,0.4,,False,False,0.227,1168.0,22437.5
2026-06-18,생명보험,3,32.64,085620,미래에셋생명,33100,118.48,True,21198.0,18053.0,0.38,,False,False,0.936,4165.0,58642.4
2026-06-18,생명보험,3,32.64,032830,삼성생명,453000,45.19,True,393075.0,300983.0,0.63,,False,False,0.852,38464.0,209877.1
2026-06-18,생명보험,3,32.64,082640,동양생명,7960,5.15,False,7643.0,8177.0,0.42,,False,False,0.817,428.0,1344.3
2026-06-18,생명보험,3,32.64,003690,코리안리,14000,-1.48,True,13585.0,12831.0,0.66,,False,False,0.699,774.0,8802.6
2026-06-18,생명보험,3,32.64,088350,한화생명,5560,-4.14,True,5108.0,4959.0,3.53,0,True,True,0.83,371.0,47113.8
2026-06-18,면세점,4,31.52,069960,현대백화점,218000,101.85,True,147110.0,112318.0,0.69,,False,False,0.961,17743.0,35045.5
2026-06-18,면세점,4,31.52,004170,신세계,784000,54.94,True,619425.0,461708.0,0.8,,False,False,0.931,68357.0,72959.3
2026-06-18,면세점,4,31.52,008770,호텔신라,60500,4.67,True,55890.0,54779.0,0.94,,False,False,1.03,3529.0,20071.9
2026-06-18,면세점,4,31.52,204620,글로벌텍스프리,5600,2.94,False,4818.0,5142.0,0.96,,False,False,1.139,360.0,5404.2
2026-06-18,면세점,4,31.52,012630,HDC,21200,-6.81,False,21266.0,25114.0,0.87,,False,False,0.486,1234.0,2405.1
2026-06-18,스마트그리드(지능형전력망),5,29.2,001820,삼화콘덴서,176200,175.74,True,124085.0,82553.0,0.32,,False,False,1.02,23329.0,244514.4
2026-06-18,스마트그리드(지능형전력망),5,29.2,057540,옴니시스템,890,4.95,False,716.0,816.0,2.21,,False,False,0.946,66.0,370.0
2026-06-18,스마트그리드(지능형전력망),5,29.2,010120,LS ELECTRIC,249000,2.26,True,246750.0,224458.0,0.6,,False,False,0.527,23850.0,302661.1
2026-06-18,스마트그리드(지능형전력망),5,29.2,388050,지투파워,9520,-17.22,False,9722.0,12142.0,0.69,,False,False,0.452,752.0,5028.9
2026-06-18,스마트그리드(지능형전력망),5,29.2,082920,비츠로셀,42700,-19.74,False,49795.0,49112.0,0.86,,False,False,0.069,4214.0,32213.9
2026-06-19,MLCC(적층세라믹콘덴서),1,83.25,001820,삼화콘덴서,186100,136.77,True,130155.0,84995.0,1.94,,False,False,1.004,22907.0,282349.2
2026-06-19,MLCC(적층세라믹콘덴서),1,83.25,457370,한켐,14950,98.8,True,12433.0,9848.0,2.52,0,True,True,0.846,2261.0,50399.9
2026-06-19,MLCC(적층세라믹콘덴서),1,83.25,052710,아모텍,32250,82.31,True,26944.0,22125.0,2.29,0,True,True,0.864,4243.0,42891.7
2026-06-19,MLCC(적층세라믹콘덴서),1,83.25,306620,지아이에스,3085,15.11,False,2862.0,3044.0,2.04,,False,False,0.634,282.0,6130.0
2026-06-19,생명보험,2,42.7,085620,미래에셋생명,35150,146.32,True,22188.0,18357.0,1.96,0,True,True,0.95,4574.0,67157.8
2026-06-19,생명보험,2,42.7,032830,삼성생명,505000,61.86,True,403525.0,306042.0,1.02,,False,False,1.05,39357.0,213964.2
2026-06-19,생명보험,2,42.7,082640,동양생명,7900,4.36,False,7660.0,8161.0,0.87,,False,False,0.734,424.0,1327.0
2026-06-19,생명보험,2,42.7,088350,한화생명,5430,2.45,True,5108.0,4967.0,0.93,,False,False,0.736,370.0,41816.4
2026-06-19,생명보험,2,42.7,003690,코리안리,13700,-1.51,True,13562.0,12840.0,0.69,,False,False,0.568,731.0,8262.4
2026-06-19,IT 대표주,3,30.91,000660,SK하이닉스,2782000,59.43,True,2248600.0,1598967.0,1.07,,False,False,1.067,185286.0,11918491.0
2026-06-19,IT 대표주,3,30.91,005930,삼성전자,364000,31.88,True,324950.0,257855.0,1.05,0,True,True,0.89,24482.0,9957368.3
2026-06-19,IT 대표주,3,30.91,018260,삼성에스디에스,215000,30.46,False,244975.0,192905.0,0.39,,False,False,0.315,31054.0,295431.4
2026-06-19,IT 대표주,3,30.91,066570,LG전자,223500,23.48,False,261225.0,179460.0,0.37,,False,False,0.318,40857.0,1143336.8
2026-06-19,IT 대표주,3,30.91,034220,LG디스플레이,13730,9.32,False,14536.0,13276.0,0.21,,False,False,0.316,1309.0,273894.2
2026-06-19,반도체 대표주(생산),4,28.71,000660,SK하이닉스,2794000,60.11,True,2249200.0,1599167.0,1.07,,False,False,1.075,185286.0,11918491.0
2026-06-19,반도체 대표주(생산),4,28.71,005930,삼성전자,365000,32.25,True,325000.0,257872.0,1.05,0,True,True,0.898,24482.0,9957368.3
2026-06-19,반도체 대표주(생산),4,28.71,000990,DB하이텍,151900,-6.23,False,173125.0,141457.0,0.65,,False,False,0.206,15132.0,143123.1
2026-06-19,2026 상반기 신규상장,5,28.57,279570,케이뱅크,6840,28.57,False,6038.0,6060.0,1.44,,False,False,0.826,472.0,40434.2
2026-06-22,백화점,1,47.56,069960,현대백화점,201000,67.78,True,155015.0,115863.0,0.94,,False,False,0.801,19571.0,38076.9
2026-06-22,백화점,1,47.56,004170,신세계,736000,27.34,True,635450.0,474258.0,0.77,,False,False,0.776,74714.0,75461.6
2026-06-22,온디바이스 AI,2,37.99,009150,삼성전기,2257000,87.46,True,1878650.0,1110892.0,1.07,0,True,False,0.888,213000.0,2939088.1
2026-06-22,온디바이스 AI,2,37.99,000660,SK하이닉스,2777000,43.14,True,2289550.0,1628517.0,1.35,,False,False,0.988,185286.0,12478547.6
2026-06-22,온디바이스 AI,2,37.99,403870,HPSP,62400,16.85,True,56642.0,51120.0,1.23,0,True,True,0.652,10511.0,520354.1
2026-06-22,온디바이스 AI,2,37.99,080220,제주반도체,123100,4.5,True,105600.0,70831.0,1.91,,False,False,0.978,13736.0,455644.2
2026-06-22,HBM(고대역폭메모리),3,26.23,000660,SK하이닉스,2778000,43.2,True,2289600.0,1628533.0,1.35,,False,False,0.989,185286.0,12478547.6
2026-06-22,HBM(고대역폭메모리),3,26.23,089030,테크윙,63400,20.3,True,57010.0,55063.0,0.68,,False,False,0.781,7743.0,176751.7
2026-06-22,HBM(고대역폭메모리),3,26.23,005930,삼성전자,345000,15.19,True,326725.0,260277.0,1.38,0,True,True,0.691,23821.0,10250498.1
2026-06-22,반도체 기판(FC-BGA/PCB/MLB 등),4,18.7,009150,삼성전기,2252000,87.04,True,1878400.0,1110808.0,1.07,0,True,False,0.884,213000.0,2939088.1
2026-06-22,반도체 기판(FC-BGA/PCB/MLB 등),4,18.7,007660,이수페타시스,119700,-6.34,False,124365.0,126828.0,0.75,,False,False,0.369,11957.0,174115.0
2026-06-22,반도체 기판(FC-BGA/PCB/MLB 등),4,18.7,077360,덕산하이메탈,12820,-24.59,False,14294.0,14821.0,0.63,,False,False,0.295,1574.0,23740.1
2026-06-23,탈모 치료,1,37.23,067290,JW신약,3105,88.41,False,1714.0,1857.0,3.99,,False,False,1.157,304.0,31162.3
2026-06-23,탈모 치료,1,37.23,330350,위더스제약,8650,13.22,False,7296.0,8154.0,2.75,,False,False,0.928,985.0,11572.6
2026-06-23,탈모 치료,1,37.23,004310,현대약품,8430,10.05,False,6886.0,7869.0,1.52,,False,False,0.871,972.0,51401.7
2026-06-24,"주류업(주정, 에탄올 등)",1,52.44,000890,보해양조,3950,156.49,False,1675.0,1944.0,5.18,,False,False,1.315,282.0,8459.3
2026-06-24,"주류업(주정, 에탄올 등)",1,52.44,043650,국순당,4270,9.35,False,3570.0,3957.0,14.14,,False,False,1.151,281.0,1163.4
2026-06-24,"주류업(주정, 에탄올 등)",1,52.44,033920,무학,7310,-8.51,False,7570.0,8320.0,1.84,,False,False,0.192,273.0,498.7
2026-06-24,반도체 대표주(생산),2,20.68,000660,SK하이닉스,2671000,30.17,True,2358300.0,1685850.0,1.39,0,True,True,0.8,217500.0,13532189.2
2026-06-24,반도체 대표주(생산),2,20.68,005930,삼성전자,332500,11.2,True,329700.0,264975.0,1.29,0,True,True,0.531,26214.0,10561586.9
2026-06-25,백화점,1,34.22,004170,신세계,747000,41.75,True,660500.0,492283.0,0.75,,False,False,0.767,69714.0,77709.6
2026-06-25,백화점,1,34.22,037710,광주신세계,44600,26.7,False,36145.0,36858.0,12.65,,False,False,1.226,2589.0,2689.1
2026-06-25,반도체 대표주(생산),2,21.25,000660,SK하이닉스,2831000,26.21,True,2383150.0,1716150.0,1.27,0,True,False,0.907,230786.0,13997514.6
2026-06-25,반도체 대표주(생산),2,21.25,005930,삼성전자,357000,16.29,True,332600.0,268063.0,1.44,0,True,True,0.771,26036.0,11002038.7
2026-06-25,HBM(고대역폭메모리),3,16.54,122640,예스티,37300,24.33,True,30480.0,27350.0,1.27,0,True,True,0.809,5100.0,38075.9
2026-06-25,HBM(고대역폭메모리),3,16.54,005930,삼성전자,357500,16.45,True,332625.0,268072.0,1.44,0,True,True,0.775,26036.0,11002038.7
2026-06-25,HBM(고대역폭메모리),3,16.54,089030,테크윙,59100,8.84,True,56695.0,55078.0,0.49,,False,False,0.603,8121.0,182696.3
